Workbook

Sheet Summary
A1: FULL SHAW AFB C-UAS SYSTEM — COST SUMMARY
A2: Multi-Modal Detection & Electronic Redirect | 4 Phenomenologies | Complete Installation Coverage
A3: Hardware, Software Development, & Deployment Cost Roll-Up
B5: Category | D5: Description | F5: Qty | G5: Total Cost
A6: A | B6: RF Sensor Clusters (30 nodes, 90 DF sub-nodes) | D6: 3-element DF array, full perimeter + interior | F6: 30 | G6: ='RF Sensor Clusters'!G26 -> 115920
A7: B | B7: EA Nodes w/ DF Array (10 nodes, 30 DF sub-nodes) | D7: EA TX + DF, all HVT approach corridors | F7: 10 | G7: ='EA Nodes'!G34 -> 171480
A8: C | B8: C2 Server & Infrastructure (Primary + Secondary) | D8: Dual servers, expanded network, core software | F8: 1 | G8: ='C2 Server & Infrastructure'!G24 -> 117590
A9: D | B9: Acoustic / EO-IR Augmentation (24 + 12) | D9: 24 acoustic arrays + 12 EO/IR turrets + software | F9: 1 | G9: ='Acoustic EO-IR Augmentation'!G45 -> 200592
A10: E | B10: Echodyne EchoGuard Radar (10 towers, 30 units) | D10: 10 towers x 3 ESA radars + integration software | F10: 1 | G10: ='Radar Layer'!G31 -> 722550
B12: HARDWARE + SOFTWARE SUBTOTAL | G12: =SUM(G6:G10) -> 1328132
B13: Contingency (15%) | G13: =G12*0.15 -> 199219.8
B14: Shipping & Handling (5%) | G14: =G12*0.05 -> 66406.6
B15: Installation & Site Survey (est.) | G15: 50000
B17: TOTAL ESTIMATED SYSTEM COST | G17: =G12+G13+G14+G15 -> 1643758.4
A19: NOTES:
A20: 1. Full Shaw AFB coverage: Main Cantonment (west) + ARCENT/Third Army HQ (east) + all perimeter sectors.
A21: 2. 30 RF sensor clusters provide 120 DF sub-nodes across 40 locations (30 passive + 10 EA).
A22: 3. 10 EA nodes cover all approach corridors to critical assets: flight line, munitions, ARCENT HQ, POL, cantonment.
A23: 4. Dual C2 servers: primary in main cantonment, secondary at ARCENT East for redundancy and reduced latency.
A24: 5. 10 radar towers x 3 EchoGuard ESA = 30 radars providing overlapping 360° hemispherical coverage.
A25: 6. Total software development: 1,920 engineer-hours across all layers.
A26: 7. EchoGuard pricing est. ~$18K/unit. Contact Echodyne for exact government/volume quote.
A27: 8. RFD900x modems NDAA compliant (FY20 §848, FY23 §817). Verify all components against current NDAA.
A28: 9. GPS spoofing / EA requires spectrum management coordination and appropriate authorization.
A29: 10. Installation & Site Survey: RF propagation modeling, antenna placement optimization, cable routing.
A30: 11. 4 Phenomenologies: RF (DF+TDOA), Acoustic (MEMS BF), EO/IR (Thermal+HD), Radar (K-band ESA).
A31: 12. Budget ceiling: $3,000,000. System designed to provide full-spectrum, no-gap coverage across entire installation.

Sheet RF Sensor Clusters
A1: Passive RF Sensor Cluster w/ 3-Element DF Array
A2: Full Shaw AFB Coverage: 30 node clusters (90 DF sub-nodes) — Main Cantonment + ARCENT East + Perimeter
A4: Line | B4: Component | C4: Vendor / Mfr | D4: Vendor URL | E4: Unit Cost | F4: Qty | G4: Ext Cost
A5: 1.1 | B5: Ettus B205mini-i SDR (70 MHz–6 GHz, 1x1, USB 3.0) | C5: Ettus Research / NI | D5: https://www.ettus.com/all-products/usrp-b205mini-i/ | E5: 495 | F5: 3 | G5: =E5*F5 -> 1485
A6: 1.2 | B6: Wideband Discone Antenna 25–6000 MHz (per sub-node) | C6: Diamond / Amazon | D6: https://www.amazon.com/dp/B004M8SPGQ | E6: 85 | F6: 3 | G6: =E6*F6 -> 255
A7: 1.3 | B7: LMR-240 Coax Cable 15 ft (matched-length, antenna to enclosure) | C7: Times Microwave / Pasternack | D7: https://www.pasternack.com | E7: 25 | F7: 3 | G7: =E7*F7 -> 75
A8: 1.4 | B8: Leo Bodnar GPSDO 10 MHz Reference Clock (shared, phase sync) | C8: Leo Bodnar Electronics | D8: https://www.leobodnar.com | E8: 250 | F8: 1 | G8: =E8*F8 -> 250
A9: 1.5 | B9: SMA Power Splitter 1-to-3 (10 MHz ref distribution) | C9: Mini-Circuits / Mouser | D9: https://www.minicircuits.com | E9: 25 | F9: 1 | G9: =E9*F9 -> 25
A10: 1.6 | B10: Triangular Antenna Mast Frame (Al, 3–5m baseline) | C10: 8020 / McMaster-Carr | D10: https://www.mcmaster.com | E10: 220 | F10: 1 | G10: =E10*F10 -> 220
A11: 1.7 | B11: USB 3.0 4-Port Industrial Hub (3 SDRs to compute) | C11: Coolgear / Amazon | D11: https://www.amazon.com | E11: 45 | F11: 1 | G11: =E11*F11 -> 45
A12: 2.1 | B12: NVIDIA Jetson Orin Nano Super Dev Kit (67 TOPS) | C12: NVIDIA / Amazon | D12: https://www.amazon.com/NVIDIA-Jetson-Orin-Nano-Developer/dp/B0BZJTQ5YP | E12: 249 | F12: 1 | G12: =E12*F12 -> 249
A13: 2.2 | B13: Samsung 990 EVO NVMe SSD 1 TB + M.2 HAT | C13: Samsung / Amazon | D13: https://www.amazon.com | E13: 110 | F13: 1 | G13: =E13*F13 -> 110
A14: 3.1 | B14: RFD900x-US Modem (FCC, NDAA Compliant) | C14: RFDesign (via NW Blue) | D14: https://nwblue.com/products/rfd-900x-us-telemetry-modem | E14: 175 | F14: 1 | G14: =E14*F14 -> 175
A15: 3.2 | B15: 900 MHz Half-Wave Dipole Antenna 3 dBi (backhaul) | C15: RFDesign | D15: https://rfdesign.com.au/modems/ | E15: 15 | F15: 2 | G15: =E15*F15 -> 30
A16: 4.1 | B16: NEMA 4X Polycarbonate Enclosure 16x14x8 w/ Pole Mount | C16: Altelix | D16: https://altelix.com/weatherproof-nema-enclosures/ | E16: 160 | F16: 1 | G16: =E16*F16 -> 160
... A24: 5.4 | B24: MicroSD 128 GB A2 (backup boot) | C24: Samsung / Amazon | D24: https://www.amazon.com | E24: 14 | F24: 1 | G24: =E24*F24 -> 14
A25: SUBTOTAL PER SENSOR NODE CLUSTER | G25: =SUM(G5:G24) -> 3864
B26: x 30 Sensor Node Clusters (90 total sub-nodes) | G26: =G25*30 -> 115920

Sheet EA Nodes
A1: Electronic Attack Node w/ 3-Element DF Array
A2: Full Shaw AFB: 10 EA nodes (30 DF sub-nodes + 10 X310 TX) — Covering all HVT approach corridors
A4: Line | B4: Component | C4: Vendor / Mfr | D4: Vendor URL | E4: Unit Cost | F4: Qty | G4: Ext Cost
A5: 1.1 | B5: Ettus B205mini-i SDR (70 MHz–6 GHz, DF array RX) | C5: Ettus Research / NI | D5: https://www.ettus.com/all-products/usrp-b205mini-i/ | E5: 495 | F5: 3 | G5: =E5*F5 -> 1485
A6: 1.2 | B6: Wideband Discone Antenna 25–6000 MHz (DF sub-node) | C6: Diamond / Amazon | D6: https://www.amazon.com/dp/B004M8SPGQ | E6: 85 | F6: 3 | G6: =E6*F6 -> 255
A7: 1.3 | B7: LMR-240 Coax Cable 15 ft (matched-length, DF array) | C7: Times Microwave / Pasternack | D7: https://www.pasternack.com | E7: 25 | F7: 3 | G7: =E7*F7 -> 75
A8: 1.4 | B8: Leo Bodnar GPSDO 10 MHz Reference Clock | C8: Leo Bodnar Electronics | D8: https://www.leobodnar.com | E8: 250 | F8: 1 | G8: =E8*F8 -> 250
A9: 1.5 | B9: SMA Power Splitter 1-to-4 (10 MHz ref: 3 DF + X310) | C9: Mini-Circuits / Mouser | D9: https://www.minicircuits.com | E9: 30 | F9: 1 | G9: =E9*F9 -> 30
A10: 1.6 | B10: Triangular Antenna Mast Frame (Al, 3–5m baseline) | C10: 8020 / McMaster-Carr | D10: https://www.mcmaster.com | E10: 220 | F10: 1 | G10: =E10*F10 -> 220
A11: 1.7 | B11: USB 3.0 4-Port Industrial Hub (3 DF SDRs) | C11: Coolgear / Amazon | D11: https://www.amazon.com | E11: 45 | F11: 1 | G11: =E11*F11 -> 45
A12: 2.1 | B12: USRP X310 SDR Kit (DC–6 GHz, Kintex-7 FPGA, EA TX/RX) | C12: Ettus Research / NI | D12: https://www.ettus.com/all-products/x310-kit/ | E12: 5495 | F12: 1 | G12: =E12*F12 -> 5495
A13: 2.2 | B13: UBX-160 Daughterboard (10 MHz–6 GHz, 160 MHz BW) | C13: Ettus Research / NI | D13: https://www.ettus.com/all-products/ubx160/ | E13: 2150 | F13: 2 | G13: =E13*F13 -> 4300
A14: 2.3 | B14: RF Power Amplifier 2.4 GHz 10W | C14: Mini-Circuits / Mouser | D14: https://www.minicircuits.com | E14: 650 | F14: 1 | G14: =E14*F14 -> 650
A15: 2.4 | B15: RF Power Amplifier 5.8 GHz 5W | C15: Mini-Circuits / Mouser | D15: https://www.minicircuits.com | E15: 750 | F15: 1 | G15: =E15*F15 -> 750
A16: 2.5 | B16: GPS L1 Spoofer Signal Generator Module | C16: Custom / COTS Signal Gen | D16: https://www.ettus.com | E16: 800 | F16: 1 | G16: =E16*F16 -> 800
... A32: 7.4 | B32: Cable Glands, Grounding Kit, Surge Protectors | C32: Various / Amazon | D32: https://www.amazon.com | E32: 85 | F32: 1 | G32: =E32*F32 -> 85
A33: SUBTOTAL PER EA NODE (w/ DF ARRAY) | G33: =SUM(G5:G32) -> 17148
B34: x 10 EA Node Clusters (30 DF sub-nodes + 10 X310 TX) | G34: =G33*10 -> 171480

Sheet C2 Server & Infrastructure
A1: C2 Fusion Server & Network Infrastructure
A2: Primary C2 (main cantonment) + Secondary C2 (ARCENT East) + expanded mesh gateway network
A4: Line | B4: Component | C4: Vendor / Mfr | D4: Vendor URL | E4: Unit Cost | F4: Qty | G4: Ext Cost
A5: 1.1 | B5: Dell PowerEdge R660xs 1U Server (Xeon, 64GB, 2x2TB NVMe) — PRIMARY | C5: Dell Technologies | D5: https://www.dell.com | E5: 4800 | F5: 1 | G5: =E5*F5 -> 4800
A6: 1.2 | B6: Dell PowerEdge R660xs 1U Server — SECONDARY (ARCENT East) | C6: Dell Technologies | D6: https://www.dell.com | E6: 4800 | F6: 1 | G6: =E6*F6 -> 4800
A7: 1.3 | B7: NVIDIA T1000 GPU (ML inference) x2 | C7: NVIDIA / CDW | D7: https://www.cdw.com | E7: 650 | F7: 2 | G7: =E7*F7 -> 1300
A8: 1.4 | B8: Dell 10 GbE Dual-Port SFP+ NIC x2 | C8: Dell Technologies | D8: https://www.dell.com | E8: 250 | F8: 2 | G8: =E8*F8 -> 500
A9: 1.5 | B9: APC Smart-UPS 1500VA Rack Mount x2 | C9: APC / Amazon | D9: https://www.amazon.com | E9: 650 | F9: 2 | G9: =E9*F9 -> 1300
A10: 2.1 | B10: Cisco/Ubiquiti 48-Port Managed Switch (PoE+) — PRIMARY | C10: Ubiquiti / Amazon | D10: https://www.amazon.com | E10: 650 | F10: 1 | G10: =E10*F10 -> 650
A11: 2.2 | B11: Cisco/Ubiquiti 24-Port Managed Switch (PoE+) — SECONDARY | C11: Ubiquiti / Amazon | D11: https://www.amazon.com | E11: 400 | F11: 1 | G11: =E11*F11 -> 400
A12: 2.3 | B12: RFD900x-US Modem (mesh gateway nodes) | C12: RFDesign (via NW Blue) | D12: https://nwblue.com/products/rfd-900x-us-telemetry-modem | E12: 175 | F12: 4 | G12: =E12*F12 -> 700
A13: 2.4 | B13: 900 MHz Yagi Antenna 9 dBi (gateway, long-haul) | C13: L-com | D13: https://www.l-com.com/antenna | E13: 75 | F13: 4 | G13: =E13*F13 -> 300
A14: 2.5 | B14: Fiber Optic Backbone Kit 1 km (C2 Primary ↔ Secondary) | C14: FS.com | D14: https://www.fs.com | E14: 800 | F14: 1 | G14: =E14*F14 -> 800
A15: 3.1 | B15: Dell Latitude 5540 Rugged Laptop (operator interface) x2 | C15: Dell Technologies | D15: https://www.dell.com | E15: 1800 | F15: 2 | G15: =E15*F15 -> 3600
A16: 3.2 | B16: 27-inch Monitor (COP display) x4 | C16: Dell Technologies | D16: https://www.dell.com | E16: 350 | F16: 4 | G16: =E16*F16 -> 1400
... A23: 5.2 | B23: Cabling, Patch Panels, Power Strips, Misc | C23: Various / Monoprice | D23: https://www.monoprice.com | E23: 300 | F23: 1 | G23: =E23*F23 -> 300
A24: SUBTOTAL C2 & INFRASTRUCTURE | G24: =SUM(G5:G23) -> 117590

Sheet Acoustic EO-IR Augmentation
A1: Acoustic / EO-IR Augmentation Layer
A2: Full Shaw: 24 acoustic arrays + 12 EO/IR turrets + software development
A3: ACOUSTIC SENSOR ARRAY NODE (Qty: 24 — full perimeter + all HVT sectors)
A5: Line | B5: Component | C5: Vendor / Mfr | D5: Vendor URL | E5: Unit Cost | F5: Qty | G5: Ext Cost
A6: 1.1 | B6: Knowles SPH0645LM4H-B I2S MEMS Microphone (x16 per array) | C6: Knowles / Mouser | D6: https://www.mouser.com | E6: 3 | F6: 16 | G6: =E6*F6 -> 48
A7: 1.2 | B7: Custom PCB, Circular Array Layout (16-ch, BF) | C7: PCBWay / JLCPCB | D7: https://www.pcbway.com | E7: 45 | F7: 1 | G7: =E7*F7 -> 45
A8: 1.3 | B8: Teensy 4.1 (Audio Shield + 16-ch TDM) | C8: PJRC / SparkFun | D8: https://www.sparkfun.com | E8: 35 | F8: 1 | G8: =E8*F8 -> 35
A9: 1.4 | B9: Acoustic Windscreen Foam Housing | C9: Custom / McMaster-Carr | D9: https://www.mcmaster.com | E9: 30 | F9: 1 | G9: =E9*F9 -> 30
A10: 2.1 | B10: NVIDIA Jetson Orin Nano Super Dev Kit (67 TOPS) | C10: NVIDIA / Amazon | D10: https://www.amazon.com | E10: 249 | F10: 1 | G10: =E10*F10 -> 249
A11: 2.2 | B11: Samsung 990 EVO NVMe SSD 512 GB + M.2 HAT | C11: Samsung / Amazon | D11: https://www.amazon.com | E11: 65 | F11: 1 | G11: =E11*F11 -> 65
A12: 3.1 | B12: RFD900x-US Modem (NDAA Compliant) | C12: RFDesign (via NW Blue) | D12: https://nwblue.com/products/rfd-900x-us-telemetry-modem | E12: 175 | F12: 1 | G12: =E12*F12 -> 175
A13: 3.2 | B13: 900 MHz Dipole Antenna 3 dBi | C13: RFDesign | D13: https://rfdesign.com.au/modems/ | E13: 15 | F13: 2 | G13: =E13*F13 -> 30
A14: 3.3 | B14: GPS Module u-blox NEO-M9N (time sync) | C14: u-blox / SparkFun | D14: https://www.sparkfun.com | E14: 50 | F14: 1 | G14: =E14*F14 -> 50
A15: 4.1 | B15: NEMA 4X Polycarbonate Enclosure 10x8x6 w/ Pole Mount | C15: Altelix | D15: https://altelix.com/weatherproof-nema-enclosures/ | E15: 85 | F15: 1 | G15: =E15*F15 -> 85
A16: 4.2 | B16: 100W Solar Panel Kit | C16: Renogy / Amazon | D16: https://www.amazon.com | E16: 110 | F16: 1 | G16: =E16*F16 -> 110
A17: 4.3 | B17: 12V 30Ah LiFePO4 Battery | C17: Ampere Time / Amazon | D17: https://www.amazon.com | E17: 110 | F17: 1 | G17: =E17*F17 -> 110
... A20: 5.1 | B20: Cables, Glands, Mounting Hardware Kit | C20: Various / Amazon | D20: https://www.amazon.com | E20: 40 | F20: 1 | G20: =E20*F20 -> 40
A21: SUBTOTAL PER ACOUSTIC NODE | G21: =SUM(G6:G20) -> 1161
B22: x 24 Acoustic Nodes | G22: =G21*24 -> 27864
A24: EO/IR TRACKING TURRET (Qty: 12 — flight line, munitions, cantonment, ARCENT, all approach corridors)
A25: Line | B25: Component | C25: Vendor / Mfr | D25: Vendor URL | E25: Unit Cost | F25: Qty | G25: Ext Cost
A26: 6.1 | B26: SPI M1-D EO/IR PTZ Gimbal (LWIR + HD Zoom, stabilized) | C26: SPI Corp | D26: https://www.x20.org/product/m1-d-micro-ptz-infrared-camera/ | E26: 3995 | F26: 1 | G26: =E26*F26 -> 3995
A27: 6.2 | B27: AI Auto-Tracker Module (MVP/9960) | C27: SPI Corp | D27: https://www.x20.org | E27: 1200 | F27: 1 | G27: =E27*F27 -> 1200
A28: 7.1 | B28: NVIDIA Jetson Orin Nano Super Dev Kit (CNN inference) | C28: NVIDIA / Amazon | D28: https://www.amazon.com | E28: 249 | F28: 1 | G28: =E28*F28 -> 249
A29: 8.1 | B29: Heavy-Duty Pan-Tilt Pole Mount Bracket | C29: Dotworkz / Amazon | D29: https://www.amazon.com | E29: 180 | F29: 1 | G29: =E29*F29 -> 180
A30: 8.2 | B30: PoE++ Injector 60W | C30: Ubiquiti / Amazon | D30: https://www.amazon.com | E30: 65 | F30: 1 | G30: =E30*F30 -> 65
A31: 9.1 | B31: Cat6a Outdoor Shielded Ethernet 100 ft | C31: Monoprice | D31: https://www.monoprice.com | E31: 35 | F31: 1 | G31: =E31*F31 -> 35
A32: 9.2 | B32: IR Illuminator 850nm | C32: Vivotek / Amazon | D32: https://www.amazon.com | E32: 120 | F32: 1 | G32: =E32*F32 -> 120
A33: 9.3 | B33: Cables, Adapters, Weatherproofing Kit | C33: Various / Amazon | D33: https://www.amazon.com | E33: 50 | F33: 1 | G33: =E33*F33 -> 50
A34: SUBTOTAL PER EO/IR TURRET | G34: =SUM(G26:G33) -> 5894
B35: x 12 EO/IR Turrets | G35: =G34*12 -> 70728
A37: AUGMENTATION SOFTWARE DEVELOPMENT
A38: Line | B38: Component | C38: Vendor / Mfr | D38: Vendor URL | E38: Unit Cost | F38: Qty | G38: Ext Cost
A39: 10.1 | B39: Acoustic CNN Classifier (drone vs ambient) | C39: Organic / Contractor | D39: N/A — labor | E39: 150 | F39: 200 | G39: =E39*F39 -> 30000
A40: 10.2 | B40: EO/IR CNN Detector (aerial object detection) | C40: Organic / Contractor | D40: N/A — labor | E40: 150 | F40: 160 | G40: =E40*F40 -> 24000
A41: 10.3 | B41: Sensor Fusion Engine (acoustic + EO/IR + RF + radar) | C41: Organic / Contractor | D41: N/A — labor | E41: 150 | F41: 200 | G41: =E41*F41 -> 30000
A42: 10.4 | B42: C2 UI Integration (fused COP display) | C42: Organic / Contractor | D42: N/A — labor | E42: 150 | F42: 120 | G42: =E42*F42 -> 18000
A43: SUBTOTAL AUGMENTATION SOFTWARE | G43: =SUM(G39:G42) -> 102000
B45: TOTAL AUGMENTATION LAYER | G45: =G22+G35+G43 -> 200592

Sheet Radar Layer
A1: Echodyne EchoGuard Radar Layer
A2: Full Shaw AFB: 10 towers x 3 EchoGuard = 30 radars for complete 360° hemispherical coverage
A3: PER RADAR TOWER (3 EchoGuards per tower, Qty: 10 towers)
A5: Line | B5: Component | C5: Vendor / Mfr | D5: Vendor URL | E5: Unit Cost | F5: Qty | G5: Ext Cost
A6: 1.1 | B6: Echodyne EchoGuard ESA Radar (K-band, 120° Az x 80° El) | C6: Echodyne | D6: https://www.echodyne.com/radar-solutions-1/echoguard/ | E6: 18000 | F6: 3 | G6: =E6*F6 -> 54000
A7: 1.2 | B7: Echodyne Tower Mounting Kit (3-unit 360° config) | C7: Echodyne | D7: https://www.echodyne.com/radar-solutions-1/echoguard/ | E7: 2500 | F7: 1 | G7: =E7*F7 -> 2500
A8: 1.3 | B8: Echodyne Software & Support Package (per tower, annual) | C8: Echodyne | D8: https://www.echodyne.com/radar-solutions-1/echoguard/ | E8: 3500 | F8: 1 | G8: =E8*F8 -> 3500
A9: 2.1 | B9: Echodyne RadarHub (multi-radar networking) | C9: Echodyne | D9: https://www.echodyne.com/radar-solutions-1/echoguard/ | E9: 4500 | F9: 1 | G9: =E9*F9 -> 4500
A10: 2.2 | B10: Managed PoE++ Switch 8-Port | C10: Ubiquiti / Amazon | D10: https://www.amazon.com | E10: 250 | F10: 1 | G10: =E10*F10 -> 250
A11: 2.3 | B11: Cat6a Outdoor Shielded Ethernet (50 ft) x3 | C11: Monoprice | D11: https://www.monoprice.com | E11: 35 | F11: 3 | G11: =E11*F11 -> 105
A12: 3.1 | B12: RFD900x-US Modem (mesh integration) | C12: RFDesign (via NW Blue) | D12: https://nwblue.com/products/rfd-900x-us-telemetry-modem | E12: 175 | F12: 1 | G12: =E12*F12 -> 175
A13: 3.2 | B13: 900 MHz Dipole Antenna 3 dBi | C13: RFDesign | D13: https://rfdesign.com.au/modems/ | E13: 15 | F13: 2 | G13: =E13*F13 -> 30
A14: 4.1 | B14: Aluminum Radar Tower Mast 20 ft w/ Guy Wires | C14: Rohn / DX Engineering | D14: https://www.dxengineering.com | E14: 650 | F14: 1 | G14: =E14*F14 -> 650
A15: 4.2 | B15: AC Power Supply 48V 300W (hardwired) | C15: Mean Well / Mouser | D15: https://www.mouser.com | E15: 80 | F15: 1 | G15: =E15*F15 -> 80
A16: 4.3 | B16: UPS Battery Backup 600VA | C16: APC / Amazon | D16: https://www.amazon.com | E16: 90 | F16: 1 | G16: =E16*F16 -> 90
A17: 4.4 | B17: NEMA 4X Steel Enclosure 16x12x8 | C17: Altelix | D17: https://altelix.com/weatherproof-nema-enclosures/ | E17: 180 | F17: 1 | G17: =E17*F17 -> 180
... A19: 5.2 | B19: Cable Glands, Conduit, Mounting Hardware | C19: Various / Amazon | D19: https://www.amazon.com | E19: 75 | F19: 1 | G19: =E19*F19 -> 75
A20: SUBTOTAL PER RADAR TOWER (3 EchoGuards) | G20: =SUM(G6:G19) -> 66255
B21: x 10 Radar Towers (30 EchoGuard units total) | G21: =G20*10 -> 662550
A23: RADAR INTEGRATION SOFTWARE
A24: Line | B24: Component | C24: Vendor / Mfr | D24: Vendor URL | E24: Unit Cost | F24: Qty | G24: Ext Cost
A25: 6.1 | B25: Radar-to-C2 API Integration (TCP/IP → fusion) | C25: Organic / Contractor | D25: N/A — labor | E25: 150 | F25: 100 | G25: =E25*F25 -> 15000
A26: 6.2 | B26: Multi-modal Track Fusion (radar + RF + acoustic + EO/IR) | C26: Organic / Contractor | D26: N/A — labor | E26: 150 | F26: 160 | G26: =E26*F26 -> 24000
A27: 6.3 | B27: Radar-Cued EA Handoff Logic | C27: Organic / Contractor | D27: N/A — labor | E27: 150 | F27: 80 | G27: =E27*F27 -> 12000
A28: 6.4 | B28: COP Display (radar overlay, fused symbology) | C28: Organic / Contractor | D28: N/A — labor | E28: 150 | F28: 60 | G28: =E28*F28 -> 9000
A29: SUBTOTAL RADAR SOFTWARE | G29: =SUM(G25:G28) -> 60000
B31: TOTAL RADAR LAYER | G31: =G21+G29 -> 722550
